date,code,eps
2025-Q1,1101,0.07
2025-Q2,1101,0.07
2025-Q3,1101,-1.29
2025-Q4,1101,-1.61
2025-Q1,1102,0.41
2025-Q2,1102,1.29
2025-Q3,1102,2.42
2025-Q4,1102,3.0
2025-Q1,1216,0.91
2025-Q2,1216,1.88
2025-Q3,1216,2.94
2025-Q4,1216,3.46
2025-Q1,1301,0.01
2025-Q2,1301,-1.03
2025-Q3,1301,-1.12
2025-Q4,1301,-1.57
2025-Q1,1303,0.06
2025-Q2,1303,-0.46
2025-Q3,1303,-0.05
2025-Q4,1303,0.57
2025-Q1,1312,-0.61
2025-Q2,1312,-1.53
2025-Q3,1312,-2.86
2025-Q4,1312,-3.97
2025-Q1,1314,-0.08
2025-Q2,1314,-0.51
2025-Q3,1314,-0.75
2025-Q4,1314,-0.78
2025-Q1,1326,-0.08
2025-Q2,1326,-1.24
2025-Q3,1326,-0.94
2025-Q4,1326,-0.99
2025-Q1,1402,0.46
2025-Q2,1402,0.65
2025-Q3,1402,1.07
2025-Q4,1402,1.54
2025-Q1,1409,0.25
2025-Q2,1409,0.18
2025-Q3,1409,0.97
2025-Q4,1409,1.19
2025-Q1,1434,0.11
2025-Q2,1434,0.09
2025-Q3,1434,0.29
2025-Q4,1434,0.51
2025-Q1,1476,6.12
2025-Q2,1476,8.31
2025-Q3,1476,14.33
2025-Q4,1476,20.1
2025-Q1,1477,5.15
2025-Q2,1477,7.65
2025-Q3,1477,11.13
2025-Q4,1477,14.65
2025-Q1,1503,2.35
2025-Q2,1503,4.06
2025-Q3,1503,5.47
2025-Q4,1503,6.28
2025-Q1,1504,0.54
2025-Q2,1504,1.23
2025-Q3,1504,1.98
2025-Q4,1504,2.42
2025-Q1,1513,1.78
2025-Q2,1513,3.68
2025-Q3,1513,5.99
2025-Q4,1513,8.07
2025-Q1,1519,3.0
2025-Q2,1519,5.5
2025-Q3,1519,8.95
2025-Q4,1519,14.26
2025-Q1,1560,1.96
2025-Q2,1560,3.78
2025-Q3,1560,6.02
2025-Q4,1560,9.28
2025-Q1,1569,-1.33
2025-Q2,1569,-3.61
2025-Q3,1569,-4.56
2025-Q4,1569,-5.63
2025-Q1,1590,9.68
2025-Q2,1590,19.87
2025-Q3,1590,30.37
2025-Q4,1590,42.01
2025-Q1,1605,0.17
2025-Q2,1605,0.29
2025-Q3,1605,0.52
2025-Q4,1605,0.75
2025-Q1,1708,1.03
2025-Q2,1708,1.13
2025-Q3,1708,2.2
2025-Q4,1708,3.28
2025-Q1,1709,0.4
2025-Q2,1709,0.53
2025-Q3,1709,0.87
2025-Q4,1709,1.23
2025-Q1,1711,0.07
2025-Q2,1711,-0.06
2025-Q3,1711,-0.17
2025-Q4,1711,-0.2
2025-Q1,1714,0.08
2025-Q2,1714,0.2
2025-Q3,1714,0.37
2025-Q4,1714,0.5
2025-Q1,1717,0.3
2025-Q2,1717,0.6
2025-Q3,1717,1.09
2025-Q4,1717,1.41
2025-Q1,1718,0.02
2025-Q2,1718,-0.04
2025-Q3,1718,0.19
2025-Q4,1718,0.09
2025-Q1,1727,-0.05
2025-Q2,1727,0.01
2025-Q3,1727,0.03
2025-Q4,1727,0.04
2025-Q1,1773,1.9
2025-Q2,1773,3.49
2025-Q3,1773,5.32
2025-Q4,1773,7.12
2025-Q1,1785,0.6
2025-Q2,1785,0.1
2025-Q3,1785,1.27
2025-Q4,1785,3.14
2025-Q1,1802,-0.13
2025-Q2,1802,-0.43
2025-Q3,1802,-0.33
2025-Q4,1802,-0.2
2025-Q1,1815,0.33
2025-Q2,1815,0.27
2025-Q3,1815,0.81
2025-Q4,1815,1.64
2025-Q1,2002,0.02
2025-Q2,2002,-0.1
2025-Q3,2002,-0.26
2025-Q4,2002,-0.28
2025-Q1,2027,0.67
2025-Q2,2027,1.09
2025-Q3,2027,2.09
2025-Q4,2027,2.89
2025-Q1,2030,0.3
2025-Q2,2030,0.05
2025-Q3,2030,0.12
2025-Q4,2030,0.34
2025-Q1,2049,1.36
2025-Q2,2049,1.74
2025-Q3,2049,3.0
2025-Q4,2049,4.3
2025-Q1,2059,26.35
2025-Q2,2059,32.8
2025-Q3,2059,66.35
2025-Q4,2059,103.23
2025-Q1,2103,0.4
2025-Q2,2103,0.32
2025-Q3,2103,0.22
2025-Q4,2103,0.54
2025-Q1,2241,-0.23
2025-Q2,2241,-0.36
2025-Q3,2241,-0.6
2025-Q4,2241,-0.7
2025-Q1,2254,0.13
2025-Q2,2254,0.18
2025-Q3,2254,-0.11
2025-Q4,2254,-0.84
2025-Q1,2301,1.51
2025-Q2,2301,2.9
2025-Q3,2301,4.95
2025-Q4,2301,6.65
2025-Q1,2302,-0.05
2025-Q2,2302,0.02
2025-Q3,2302,0.4
2025-Q4,2302,0.49
2025-Q1,2303,0.62
2025-Q2,2303,1.33
2025-Q3,2303,2.53
2025-Q4,2303,3.33
2025-Q1,2305,0.09
2025-Q2,2305,-0.11
2025-Q3,2305,0.02
2025-Q4,2305,0.2
2025-Q1,2308,3.94
2025-Q2,2308,9.31
2025-Q3,2308,16.47
2025-Q4,2308,23.14
2025-Q1,2312,0.35
2025-Q2,2312,0.55
2025-Q3,2312,0.85
2025-Q4,2312,1.05
2025-Q1,2313,1.1
2025-Q2,2313,1.8
2025-Q3,2313,3.61
2025-Q4,2313,5.51
2025-Q1,2316,1.46
2025-Q2,2316,5.61
2025-Q3,2316,10.8
2025-Q4,2316,13.37
2025-Q1,2317,3.03
2025-Q2,2317,6.22
2025-Q3,2317,10.37
2025-Q4,2317,13.6
2025-Q1,2324,0.5
2025-Q2,2324,0.61
2025-Q3,2324,1.06
2025-Q4,2324,1.38
2025-Q1,2327,10.77
2025-Q2,2327,20.51
2025-Q3,2327,23.61
2025-Q4,2327,26.9
2025-Q1,2330,13.95
2025-Q2,2330,29.31
2025-Q3,2330,46.75
2025-Q4,2330,66.26
2025-Q1,2332,-0.28
2025-Q2,2332,-0.51
2025-Q3,2332,-0.49
2025-Q4,2332,-0.91
2025-Q1,2337,-0.47
2025-Q2,2337,-1.16
2025-Q3,2337,-1.63
2025-Q4,2337,-1.78
2025-Q1,2340,-0.78
2025-Q2,2340,-1.64
2025-Q3,2340,-2.19
2025-Q4,2340,-2.87
2025-Q1,2342,0.18
2025-Q2,2342,-0.19
2025-Q3,2342,-0.22
2025-Q4,2342,-0.48
2025-Q1,2344,-0.24
2025-Q2,2344,-0.53
2025-Q3,2344,0.12
2025-Q4,2344,0.88
2025-Q1,2345,9.17
2025-Q2,2345,18.18
2025-Q3,2345,32.18
2025-Q4,2345,47.13
2025-Q1,2347,1.1
2025-Q2,2347,1.89
2025-Q3,2347,3.43
2025-Q4,2347,5.09
2025-Q1,2351,0.62
2025-Q2,2351,0.39
2025-Q3,2351,0.87
2025-Q4,2351,1.67
2025-Q1,2353,0.17
2025-Q2,2353,0.53
2025-Q3,2353,0.9
2025-Q4,2353,1.26
2025-Q1,2354,0.67
2025-Q2,2354,1.05
2025-Q3,2354,1.67
2025-Q4,2354,2.31
2025-Q1,2356,0.47
2025-Q2,2356,1.08
2025-Q3,2356,1.84
2025-Q4,2356,2.41
2025-Q1,2357,17.22
2025-Q2,2357,30.42
2025-Q3,2357,44.63
2025-Q4,2357,59.99
2025-Q1,2360,5.03
2025-Q2,2360,9.66
2025-Q3,2360,21.65
2025-Q4,2360,27.68
2025-Q1,2363,0.0
2025-Q2,2363,1.2
2025-Q3,2363,1.46
2025-Q4,2363,1.53
2025-Q1,2367,0.61
2025-Q2,2367,0.69
2025-Q3,2367,0.71
2025-Q4,2367,0.68
2025-Q1,2368,3.6
2025-Q2,2368,7.08
2025-Q3,2368,13.57
2025-Q4,2368,19.43
2025-Q1,2369,-0.3
2025-Q2,2369,-0.66
2025-Q3,2369,-0.99
2025-Q4,2369,-1.05
2025-Q1,2371,0.14
2025-Q2,2371,0.36
2025-Q3,2371,0.65
2025-Q4,2371,-5.2
2025-Q1,2375,1.22
2025-Q2,2375,1.41
2025-Q3,2375,2.76
2025-Q4,2375,3.72
2025-Q1,2376,4.65
2025-Q2,2376,9.2
2025-Q3,2376,13.76
2025-Q4,2376,18.19
2025-Q1,2377,1.27
2025-Q2,2377,2.86
2025-Q3,2377,4.87
2025-Q4,2377,6.8
2025-Q1,2379,9.28
2025-Q2,2379,16.9
2025-Q3,2379,23.59
2025-Q4,2379,28.77
2025-Q1,2382,5.06
2025-Q2,2382,9.43
2025-Q3,2382,13.69
2025-Q4,2382,19.44
2025-Q1,2383,10.01
2025-Q2,2383,20.03
2025-Q3,2383,31.22
2025-Q4,2383,41.66
2025-Q1,2385,2.19
2025-Q2,2385,5.15
2025-Q3,2385,8.02
2025-Q4,2385,9.06
2025-Q1,2395,3.17
2025-Q2,2395,5.47
2025-Q3,2395,8.67
2025-Q4,2395,12.25
2025-Q1,2399,0.06
2025-Q2,2399,-0.28
2025-Q3,2399,-0.11
2025-Q4,2399,0.15
2025-Q1,2402,0.58
2025-Q2,2402,1.26
2025-Q3,2402,1.86
2025-Q4,2402,2.47
2025-Q1,2404,10.55
2025-Q2,2404,17.96
2025-Q3,2404,34.07
2025-Q4,2404,48.08
2025-Q1,2408,-0.63
2025-Q2,2408,-1.95
2025-Q3,2408,-1.45
2025-Q4,2408,2.13
2025-Q1,2409,0.43
2025-Q2,2409,0.69
2025-Q3,2409,0.52
2025-Q4,2409,0.9
2025-Q1,2412,1.26
2025-Q2,2412,2.57
2025-Q3,2412,3.79
2025-Q4,2412,4.99
2025-Q1,2413,0.15
2025-Q2,2413,-0.95
2025-Q3,2413,-0.26
2025-Q4,2413,0.4
2025-Q1,2421,1.73
2025-Q2,2421,3.1
2025-Q3,2421,5.65
2025-Q4,2421,7.94
2025-Q1,2426,-0.01
2025-Q2,2426,-0.08
2025-Q3,2426,-0.19
2025-Q4,2426,-0.26
2025-Q1,2428,2.97
2025-Q2,2428,5.23
2025-Q3,2428,8.43
2025-Q4,2428,11.76
2025-Q1,2436,0.14
2025-Q2,2436,0.29
2025-Q3,2436,1.43
2025-Q4,2436,3.0
2025-Q1,2439,1.42
2025-Q2,2439,1.43
2025-Q3,2439,3.76
2025-Q4,2439,5.35
2025-Q1,2441,1.04
2025-Q2,2441,1.87
2025-Q3,2441,3.18
2025-Q4,2441,4.31
2025-Q1,2449,3.51
2025-Q2,2449,5.29
2025-Q3,2449,7.17
2025-Q4,2449,9.01
2025-Q1,2451,0.87
2025-Q2,2451,1.85
2025-Q3,2451,5.37
2025-Q4,2451,12.98
2025-Q1,2454,18.43
2025-Q2,2454,35.93
2025-Q3,2454,51.77
2025-Q4,2454,66.17
2025-Q1,2455,0.85
2025-Q2,2455,1.05
2025-Q3,2455,1.91
2025-Q4,2455,2.96
2025-Q1,2464,0.02
2025-Q2,2464,-0.58
2025-Q3,2464,-0.57
2025-Q4,2464,-0.83
2025-Q1,2466,-0.48
2025-Q2,2466,-1.29
2025-Q3,2466,0.96
2025-Q4,2466,0.23
2025-Q1,2467,1.0
2025-Q2,2467,2.37
2025-Q3,2467,3.77
2025-Q4,2467,5.49
2025-Q1,2472,1.67
2025-Q2,2472,2.89
2025-Q3,2472,5.18
2025-Q4,2472,8.72
2025-Q1,2474,4.46
2025-Q2,2474,2.86
2025-Q3,2474,7.48
2025-Q4,2474,11.36
2025-Q1,2476,1.07
2025-Q2,2476,1.11
2025-Q3,2476,2.72
2025-Q4,2476,4.36
2025-Q1,2478,0.88
2025-Q2,2478,1.49
2025-Q3,2478,2.53
2025-Q4,2478,3.45
2025-Q1,2481,0.72
2025-Q2,2481,1.38
2025-Q3,2481,2.17
2025-Q4,2481,3.11
2025-Q1,2484,0.24
2025-Q2,2484,0.13
2025-Q3,2484,0.27
2025-Q4,2484,0.66
2025-Q1,2485,-0.6
2025-Q2,2485,-1.29
2025-Q3,2485,-1.33
2025-Q4,2485,-0.96
2025-Q1,2486,-0.01
2025-Q2,2486,-0.06
2025-Q3,2486,0.16
2025-Q4,2486,0.22
2025-Q1,2489,0.32
2025-Q2,2489,0.31
2025-Q3,2489,0.82
2025-Q4,2489,1.23
2025-Q1,2492,1.21
2025-Q2,2492,0.77
2025-Q3,2492,2.95
2025-Q4,2492,4.74
2025-Q1,2493,1.54
2025-Q2,2493,1.99
2025-Q3,2493,3.36
2025-Q4,2493,4.56
2025-Q1,2498,4.86
2025-Q2,2498,4.0
2025-Q3,2498,7.88
2025-Q4,2498,7.21
2025-Q1,2542,0.0
2025-Q2,2542,0.24
2025-Q3,2542,0.96
2025-Q4,2542,2.11
2025-Q1,2603,12.64
2025-Q2,2603,17.7
2025-Q3,2603,27.74
2025-Q4,2603,31.68
2025-Q1,2605,0.02
2025-Q2,2605,0.22
2025-Q3,2605,0.49
2025-Q4,2605,1.45
2025-Q1,2609,2.23
2025-Q2,2609,2.51
2025-Q3,2609,4.24
2025-Q4,2609,4.9
2025-Q1,2610,0.69
2025-Q2,2610,1.32
2025-Q3,2610,1.81
2025-Q4,2610,2.42
2025-Q1,2615,3.11
2025-Q2,2615,3.49
2025-Q3,2615,7.64
2025-Q4,2615,11.21
2025-Q1,2618,1.1
2025-Q2,2618,2.34
2025-Q3,2618,3.43
2025-Q4,2618,4.84
2025-Q1,2634,0.25
2025-Q2,2634,0.01
2025-Q3,2634,0.22
2025-Q4,2634,0.78
2025-Q1,2637,-0.24
2025-Q2,2637,0.38
2025-Q3,2637,2.44
2025-Q4,2637,5.27
2025-Q1,2801,0.37
2025-Q2,2801,0.78
2025-Q3,2801,1.2
2025-Q4,2801,1.51
2025-Q1,2834,0.32
2025-Q2,2834,0.66
2025-Q3,2834,1.01
2025-Q4,2834,1.26
2025-Q1,2855,-0.05
2025-Q2,2855,0.33
2025-Q3,2855,1.67
2025-Q4,2855,3.0
2025-Q1,2880,0.39
2025-Q2,2880,0.84
2025-Q3,2880,1.43
2025-Q4,2880,1.9
2025-Q1,2881,3.0
2025-Q2,2881,3.49
2025-Q3,2881,6.23
2025-Q4,2881,8.37
2025-Q1,2882,2.18
2025-Q2,2882,2.89
2025-Q3,2882,4.84
2025-Q4,2882,7.06
2025-Q1,2883,0.52
2025-Q2,2883,0.29
2025-Q3,2883,1.09
2025-Q4,2883,1.74
2025-Q1,2884,0.55
2025-Q2,2884,1.04
2025-Q3,2884,1.62
2025-Q4,2884,2.12
2025-Q1,2885,0.59
2025-Q2,2885,1.22
2025-Q3,2885,2.0
2025-Q4,2885,2.74
2025-Q1,2886,0.54
2025-Q2,2886,1.23
2025-Q3,2886,1.91
2025-Q4,2886,2.36
2025-Q1,2887,0.33
2025-Q2,2887,0.71
2025-Q3,2887,1.3
2025-Q4,2887,1.91
2025-Q1,2890,0.57
2025-Q2,2890,0.99
2025-Q3,2890,1.57
2025-Q4,2890,1.97
2025-Q1,2891,1.02
2025-Q2,2891,1.78
2025-Q3,2891,3.06
2025-Q4,2891,4.08
2025-Q1,2892,0.51
2025-Q2,2892,0.97
2025-Q3,2892,1.51
2025-Q4,2892,1.87
2025-Q1,2912,2.79
2025-Q2,2912,5.71
2025-Q3,2912,8.56
2025-Q4,2912,10.78
2025-Q1,3006,-0.27
2025-Q2,3006,-2.86
2025-Q3,3006,-2.81
2025-Q4,3006,0.87
2025-Q1,3008,48.28
2025-Q2,3008,56.01
2025-Q3,3008,109.06
2025-Q4,3008,159.41
2025-Q1,3013,0.84
2025-Q2,3013,1.38
2025-Q3,3013,2.44
2025-Q4,3013,4.03
2025-Q1,3014,2.83
2025-Q2,3014,5.19
2025-Q3,3014,7.62
2025-Q4,3014,9.51
2025-Q1,3016,0.01
2025-Q2,3016,-0.14
2025-Q3,3016,-0.09
2025-Q4,3016,0.07
2025-Q1,3017,8.28
2025-Q2,3017,18.58
2025-Q3,3017,32.25
2025-Q4,3017,49.17
2025-Q1,3019,0.79
2025-Q2,3019,3.65
2025-Q3,3019,5.51
2025-Q4,3019,6.6
2025-Q1,3023,3.85
2025-Q2,3023,7.01
2025-Q3,3023,10.06
2025-Q4,3023,13.02
2025-Q1,3026,1.68
2025-Q2,3026,3.07
2025-Q3,3026,4.75
2025-Q4,3026,6.58
2025-Q1,3030,2.45
2025-Q2,3030,4.66
2025-Q3,3030,7.59
2025-Q4,3030,10.49
2025-Q1,3031,0.1
2025-Q2,3031,0.74
2025-Q3,3031,0.89
2025-Q4,3031,1.09
2025-Q1,3034,8.65
2025-Q2,3034,14.79
2025-Q3,3034,20.8
2025-Q4,3034,26.87
2025-Q1,3035,1.33
2025-Q2,3035,1.43
2025-Q3,3035,2.01
2025-Q4,3035,2.81
2025-Q1,3036,2.42
2025-Q2,3036,4.7
2025-Q3,3036,8.1
2025-Q4,3036,11.6
2025-Q1,3037,0.6
2025-Q2,3037,0.62
2025-Q3,3037,2.06
2025-Q4,3037,4.38
2025-Q1,3042,1.38
2025-Q2,3042,2.46
2025-Q3,3042,3.95
2025-Q4,3042,5.28
2025-Q1,3044,4.48
2025-Q2,3044,9.13
2025-Q3,3044,14.75
2025-Q4,3044,19.45
2025-Q1,3045,1.21
2025-Q2,3045,2.3
2025-Q3,3045,3.49
2025-Q4,3045,4.77
2025-Q1,3048,0.45
2025-Q2,3048,0.44
2025-Q3,3048,1.14
2025-Q4,3048,2.01
2025-Q1,3081,0.46
2025-Q2,3081,1.51
2025-Q3,3081,2.59
2025-Q4,3081,4.66
2025-Q1,3090,1.67
2025-Q2,3090,2.23
2025-Q3,3090,4.2
2025-Q4,3090,5.47
2025-Q1,3094,0.06
2025-Q2,3094,0.02
2025-Q3,3094,0.17
2025-Q4,3094,0.26
2025-Q1,3105,0.04
2025-Q2,3105,-0.95
2025-Q3,3105,1.57
2025-Q4,3105,4.0
2025-Q1,3131,8.74
2025-Q2,3131,15.79
2025-Q3,3131,26.19
2025-Q4,3131,45.48
2025-Q1,3147,3.54
2025-Q2,3147,4.03
2025-Q3,3147,6.35
2025-Q4,3147,8.86
2025-Q1,3149,-0.78
2025-Q2,3149,-1.58
2025-Q3,3149,-2.26
2025-Q4,3149,-2.88
2025-Q1,3163,0.61
2025-Q2,3163,0.54
2025-Q3,3163,3.32
2025-Q4,3163,6.22
2025-Q1,3167,1.02
2025-Q2,3167,3.01
2025-Q3,3167,5.45
2025-Q4,3167,8.13
2025-Q1,3189,0.61
2025-Q2,3189,1.35
2025-Q3,3189,2.1
2025-Q4,3189,3.51
2025-Q1,3211,1.07
2025-Q2,3211,4.96
2025-Q3,3211,6.52
2025-Q4,3211,9.04
2025-Q1,3219,-0.04
2025-Q2,3219,0.85
2025-Q3,3219,1.65
2025-Q4,3219,1.52
2025-Q1,3231,1.85
2025-Q2,3231,4.05
2025-Q3,3231,6.41
2025-Q4,3231,9.02
2025-Q1,3234,0.07
2025-Q2,3234,-0.48
2025-Q3,3234,-0.94
2025-Q4,3234,-1.4
2025-Q1,3236,0.0
2025-Q2,3236,-0.19
2025-Q3,3236,0.12
2025-Q4,3236,0.32
2025-Q1,3260,1.72
2025-Q2,3260,4.47
2025-Q3,3260,10.04
2025-Q4,3260,23.14
2025-Q1,3264,1.27
2025-Q2,3264,2.46
2025-Q3,3264,4.21
2025-Q4,3264,6.0
2025-Q1,3265,1.54
2025-Q2,3265,2.2
2025-Q3,3265,3.73
2025-Q4,3265,5.48
2025-Q1,3293,9.32
2025-Q2,3293,18.0
2025-Q3,3293,27.9
2025-Q4,3293,38.51
2025-Q1,3311,0.43
2025-Q2,3311,0.55
2025-Q3,3311,1.1
2025-Q4,3311,1.62
2025-Q1,3317,0.74
2025-Q2,3317,1.34
2025-Q3,3317,1.97
2025-Q4,3317,1.8
2025-Q1,3324,5.66
2025-Q2,3324,7.41
2025-Q3,3324,18.07
2025-Q4,3324,28.2
2025-Q1,3357,2.2
2025-Q2,3357,5.31
2025-Q3,3357,7.84
2025-Q4,3357,10.26
2025-Q1,3362,0.27
2025-Q2,3362,-1.24
2025-Q3,3362,-1.16
2025-Q4,3362,-1.07
2025-Q1,3363,0.01
2025-Q2,3363,0.17
2025-Q3,3363,0.37
2025-Q4,3363,0.16
2025-Q1,3374,1.26
2025-Q2,3374,1.5
2025-Q3,3374,3.09
2025-Q4,3374,4.99
2025-Q1,3376,1.13
2025-Q2,3376,0.67
2025-Q3,3376,1.26
2025-Q4,3376,1.66
2025-Q1,3406,7.74
2025-Q2,3406,9.87
2025-Q3,3406,22.41
2025-Q4,3406,32.84
2025-Q1,3413,6.71
2025-Q2,3413,10.12
2025-Q3,3413,16.22
2025-Q4,3413,21.44
2025-Q1,3416,1.86
2025-Q2,3416,3.05
2025-Q3,3416,5.31
2025-Q4,3416,7.4
2025-Q1,3441,0.39
2025-Q2,3441,-0.21
2025-Q3,3441,0.62
2025-Q4,3441,1.06
2025-Q1,3443,7.17
2025-Q2,3443,13.01
2025-Q3,3443,19.48
2025-Q4,3443,28.13
2025-Q1,3450,2.34
2025-Q2,3450,2.87
2025-Q3,3450,3.48
2025-Q4,3450,5.01
2025-Q1,3481,0.12
2025-Q2,3481,0.02
2025-Q3,3481,0.03
2025-Q4,3481,0.03
2025-Q1,3491,2.22
2025-Q2,3491,3.29
2025-Q3,3491,4.62
2025-Q4,3491,7.85
2025-Q1,3498,-1.05
2025-Q2,3498,-0.71
2025-Q3,3498,-0.9
2025-Q4,3498,0.48
2025-Q1,3529,6.18
2025-Q2,3529,11.54
2025-Q3,3529,18.06
2025-Q4,3529,25.6
2025-Q1,3532,0.61
2025-Q2,3532,0.23
2025-Q3,3532,0.79
2025-Q4,3532,1.57
2025-Q1,3533,20.22
2025-Q2,3533,26.91
2025-Q3,3533,47.62
2025-Q4,3533,70.15
2025-Q1,3543,0.09
2025-Q2,3543,-0.42
2025-Q3,3543,-1.16
2025-Q4,3543,-2.24
2025-Q1,3563,5.22
2025-Q2,3563,9.41
2025-Q3,3563,13.27
2025-Q4,3563,15.79
2025-Q1,3583,3.2
2025-Q2,3583,6.05
2025-Q3,3583,9.71
2025-Q4,3583,17.48
2025-Q1,3605,1.37
2025-Q2,3605,2.04
2025-Q3,3605,3.51
2025-Q4,3605,4.35
2025-Q1,3624,0.54
2025-Q2,3624,0.53
2025-Q3,3624,1.21
2025-Q4,3624,1.86
2025-Q1,3653,9.59
2025-Q2,3653,17.44
2025-Q3,3653,26.93
2025-Q4,3653,36.76
2025-Q1,3661,18.13
2025-Q2,3661,34.5
2025-Q3,3661,50.9
2025-Q4,3661,69.19
2025-Q1,3665,8.49
2025-Q2,3665,19.03
2025-Q3,3665,32.54
2025-Q4,3665,46.62
2025-Q1,3673,0.4
2025-Q2,3673,1.47
2025-Q3,3673,2.57
2025-Q4,3673,2.72
2025-Q1,3675,1.35
2025-Q2,3675,0.46
2025-Q3,3675,1.52
2025-Q4,3675,2.66
2025-Q1,3680,2.2
2025-Q2,3680,2.64
2025-Q3,3680,4.2
2025-Q4,3680,9.43
2025-Q1,3693,8.43
2025-Q2,3693,8.74
2025-Q3,3693,13.32
2025-Q4,3693,15.5
2025-Q1,3701,0.67
2025-Q2,3701,0.95
2025-Q3,3701,1.11
2025-Q4,3701,-0.38
2025-Q1,3702,1.13
2025-Q2,3702,2.18
2025-Q3,3702,4.07
2025-Q4,3702,5.77
2025-Q1,3706,1.11
2025-Q2,3706,2.34
2025-Q3,3706,3.89
2025-Q4,3706,5.36
2025-Q1,3707,-0.55
2025-Q2,3707,-1.02
2025-Q3,3707,-1.5
2025-Q4,3707,-1.97
2025-Q1,3711,1.75
2025-Q2,3711,3.49
2025-Q3,3711,5.99
2025-Q4,3711,9.37
2025-Q1,3714,-0.6
2025-Q2,3714,-1.79
2025-Q3,3714,-2.62
2025-Q4,3714,-3.69
2025-Q1,3715,0.96
2025-Q2,3715,1.89
2025-Q3,3715,2.4
2025-Q4,3715,2.7
2025-Q3,3717,0.09
2025-Q4,3717,0.46
2025-Q1,4551,2.07
2025-Q2,4551,1.29
2025-Q3,4551,3.64
2025-Q4,4551,6.04
2025-Q1,4566,0.8
2025-Q2,4566,-0.19
2025-Q3,4566,0.75
2025-Q4,4566,1.35
2025-Q1,4576,0.44
2025-Q2,4576,0.66
2025-Q3,4576,1.26
2025-Q4,4576,2.01
2025-Q1,4707,0.22
2025-Q2,4707,0.3
2025-Q3,4707,0.61
2025-Q4,4707,0.89
2025-Q1,4720,0.33
2025-Q2,4720,0.31
2025-Q3,4720,0.55
2025-Q4,4720,0.74
2025-Q1,4722,0.51
2025-Q2,4722,0.53
2025-Q3,4722,1.34
2025-Q4,4722,2.01
2025-Q1,4749,2.28
2025-Q2,4749,5.35
2025-Q3,4749,8.48
2025-Q4,4749,11.32
2025-Q1,4760,2.01
2025-Q2,4760,2.51
2025-Q3,4760,4.73
2025-Q4,4760,7.17
2025-Q1,4763,20.53
2025-Q2,4763,22.25
2025-Q3,4763,23.41
2025-Q4,4763,24.57
2025-Q1,4764,0.37
2025-Q2,4764,0.37
2025-Q3,4764,0.61
2025-Q4,4764,1.21
2025-Q1,4770,2.6
2025-Q2,4770,5.35
2025-Q3,4770,8.4
2025-Q4,4770,10.2
2025-Q1,4903,-0.18
2025-Q2,4903,0.0
2025-Q3,4903,0.82
2025-Q4,4903,1.02
2025-Q1,4904,0.9
2025-Q2,4904,1.84
2025-Q3,4904,2.8
2025-Q4,4904,3.82
2025-Q1,4906,0.15
2025-Q2,4906,-0.81
2025-Q3,4906,-0.45
2025-Q4,4906,-0.25
2025-Q1,4908,0.75
2025-Q2,4908,0.89
2025-Q3,4908,1.38
2025-Q4,4908,1.97
2025-Q1,4916,0.6
2025-Q2,4916,0.64
2025-Q3,4916,1.14
2025-Q4,4916,1.77
2025-Q1,4919,0.52
2025-Q2,4919,-1.09
2025-Q3,4919,-2.31
2025-Q4,4919,-3.97
2025-Q1,4927,-1.34
2025-Q2,4927,-2.64
2025-Q3,4927,-4.88
2025-Q4,4927,-8.63
2025-Q1,4931,1.39
2025-Q2,4931,0.84
2025-Q3,4931,1.55
2025-Q4,4931,3.13
2025-Q1,4938,1.62
2025-Q2,4938,1.73
2025-Q3,4938,3.42
2025-Q4,4938,5.39
2025-Q1,4939,0.06
2025-Q2,4939,-0.76
2025-Q3,4939,-0.53
2025-Q4,4939,-0.43
2025-Q1,4949,0.4
2025-Q2,4949,0.76
2025-Q3,4949,1.48
2025-Q4,4949,1.91
2025-Q1,4956,-0.22
2025-Q2,4956,-0.99
2025-Q3,4956,-1.03
2025-Q4,4956,-0.8
2025-Q1,4958,0.66
2025-Q2,4958,1.29
2025-Q3,4958,3.75
2025-Q4,4958,6.87
2025-Q1,4967,1.0
2025-Q2,4967,1.13
2025-Q3,4967,3.48
2025-Q4,4967,13.07
2025-Q1,4971,-1.54
2025-Q2,4971,-0.7
2025-Q3,4971,0.05
2025-Q4,4971,1.61
2025-Q1,4977,-1.29
2025-Q2,4977,2.53
2025-Q3,4977,3.55
2025-Q4,4977,4.5
2025-Q1,4979,1.52
2025-Q2,4979,2.19
2025-Q3,4979,3.73
2025-Q4,4979,5.43
2025-Q1,4989,-0.66
2025-Q2,4989,-2.49
2025-Q3,4989,-3.34
2025-Q4,4989,-3.48
2025-Q1,4991,-0.7
2025-Q2,4991,-0.57
2025-Q3,4991,-0.44
2025-Q4,4991,0.16
2025-Q1,5234,1.88
2025-Q2,5234,3.43
2025-Q3,5234,5.33
2025-Q4,5234,7.37
2025-Q1,5243,1.0
2025-Q2,5243,2.16
2025-Q3,5243,3.37
2025-Q4,5243,4.4
2025-Q1,5269,16.39
2025-Q2,5269,31.41
2025-Q3,5269,52.62
2025-Q4,5269,72.7
2025-Q1,5274,23.46
2025-Q2,5274,40.11
2025-Q3,5274,72.23
2025-Q4,5274,103.92
2025-Q1,5285,0.43
2025-Q2,5285,0.46
2025-Q3,5285,1.01
2025-Q4,5285,1.54
2025-Q1,5289,3.68
2025-Q2,5289,5.7
2025-Q3,5289,12.57
2025-Q4,5289,21.83
2025-Q1,5309,0.12
2025-Q2,5309,0.14
2025-Q3,5309,0.04
2025-Q4,5309,0.27
2025-Q1,5314,0.78
2025-Q2,5314,1.58
2025-Q3,5314,2.67
2025-Q4,5314,5.56
2025-Q1,5328,0.05
2025-Q2,5328,0.08
2025-Q3,5328,0.21
2025-Q4,5328,0.39
2025-Q1,5340,0.27
2025-Q2,5340,0.38
2025-Q3,5340,0.79
2025-Q4,5340,1.2
2025-Q1,5347,1.31
2025-Q2,5347,2.42
2025-Q3,5347,3.35
2025-Q4,5347,4.3
2025-Q1,5351,-0.61
2025-Q2,5351,-1.31
2025-Q3,5351,-1.74
2025-Q4,5351,-1.53
2025-Q1,5388,1.02
2025-Q2,5388,2.15
2025-Q3,5388,3.15
2025-Q4,5388,4.04
2025-Q1,5425,0.47
2025-Q2,5425,0.64
2025-Q3,5425,1.24
2025-Q4,5425,2.08
2025-Q1,5434,4.91
2025-Q2,5434,9.69
2025-Q3,5434,15.44
2025-Q4,5434,21.8
2025-Q1,5439,1.94
2025-Q2,5439,3.81
2025-Q3,5439,9.52
2025-Q4,5439,13.74
2025-Q1,5469,1.52
2025-Q2,5469,2.67
2025-Q3,5469,4.93
2025-Q4,5469,6.05
2025-Q1,5475,-0.15
2025-Q2,5475,-0.27
2025-Q3,5475,-0.26
2025-Q4,5475,-0.16
2025-Q1,5483,1.19
2025-Q2,5483,2.36
2025-Q3,5483,4.07
2025-Q4,5483,6.71
2025-Q1,5536,5.18
2025-Q2,5536,12.13
2025-Q3,5536,20.35
2025-Q4,5536,28.42
2025-Q1,5871,3.28
2025-Q2,5871,5.8
2025-Q3,5871,8.45
2025-Q4,5871,11.24
2025-Q1,5876,0.96
2025-Q2,5876,1.61
2025-Q3,5876,2.56
2025-Q4,5876,3.06
2025-Q1,5880,0.32
2025-Q2,5880,0.65
2025-Q3,5880,1.03
2025-Q4,5880,1.36
2025-Q1,6005,0.4
2025-Q2,6005,0.93
2025-Q3,6005,1.87
2025-Q4,6005,2.64
2025-Q1,6116,-0.26
2025-Q2,6116,-0.57
2025-Q3,6116,-0.46
2025-Q4,6116,-0.75
2025-Q1,6127,0.42
2025-Q2,6127,0.2
2025-Q3,6127,0.9
2025-Q4,6127,0.46
2025-Q1,6139,3.8
2025-Q2,6139,6.67
2025-Q3,6139,17.31
2025-Q4,6139,30.49
2025-Q1,6147,0.9
2025-Q2,6147,1.45
2025-Q3,6147,2.61
2025-Q4,6147,3.73
2025-Q1,6152,-0.15
2025-Q2,6152,-1.03
2025-Q3,6152,-1.22
2025-Q4,6152,-1.47
2025-Q1,6155,0.42
2025-Q2,6155,-0.25
2025-Q3,6155,0.41
2025-Q4,6155,0.74
2025-Q1,6166,0.31
2025-Q2,6166,0.23
2025-Q3,6166,1.52
2025-Q4,6166,2.35
2025-Q1,6168,0.01
2025-Q2,6168,-0.1
2025-Q3,6168,0.04
2025-Q4,6168,0.05
2025-Q1,6174,0.27
2025-Q2,6174,0.16
2025-Q3,6174,0.39
2025-Q4,6174,0.65
2025-Q1,6179,0.08
2025-Q2,6179,0.58
2025-Q3,6179,0.36
2025-Q4,6179,0.05
2025-Q1,6182,0.05
2025-Q2,6182,-0.1
2025-Q3,6182,-0.06
2025-Q4,6182,0.08
2025-Q1,6187,3.57
2025-Q2,6187,7.73
2025-Q3,6187,12.1
2025-Q4,6187,15.46
2025-Q1,6191,1.57
2025-Q2,6191,3.05
2025-Q3,6191,5.01
2025-Q4,6191,6.54
2025-Q1,6196,4.41
2025-Q2,6196,6.36
2025-Q3,6196,11.93
2025-Q4,6196,15.43
2025-Q1,6197,1.63
2025-Q2,6197,3.72
2025-Q3,6197,6.1
2025-Q4,6197,8.67
2025-Q1,6199,-0.18
2025-Q2,6199,-0.34
2025-Q3,6199,0.46
2025-Q4,6199,0.32
2025-Q1,6207,0.33
2025-Q2,6207,0.27
2025-Q3,6207,0.7
2025-Q4,6207,0.9
2025-Q1,6209,0.01
2025-Q2,6209,0.11
2025-Q3,6209,0.5
2025-Q4,6209,0.93
2025-Q1,6213,0.93
2025-Q2,6213,2.09
2025-Q3,6213,2.98
2025-Q4,6213,4.16
2025-Q1,6217,-0.79
2025-Q2,6217,-1.5
2025-Q3,6217,-1.34
2025-Q4,6217,-1.68
2025-Q1,6218,-0.25
2025-Q2,6218,-0.42
2025-Q3,6218,-0.68
2025-Q4,6218,-1.14
2025-Q1,6223,7.68
2025-Q2,6223,14.35
2025-Q3,6223,23.65
2025-Q4,6223,33.49
2025-Q1,6226,-0.09
2025-Q2,6226,-0.22
2025-Q3,6226,-0.17
2025-Q4,6226,-0.28
2025-Q1,6239,1.58
2025-Q2,6239,2.88
2025-Q3,6239,4.96
2025-Q4,6239,7.48
2025-Q1,6257,1.57
2025-Q2,6257,2.27
2025-Q3,6257,3.95
2025-Q4,6257,6.15
2025-Q1,6271,2.79
2025-Q2,6271,3.13
2025-Q3,6271,5.41
2025-Q4,6271,7.64
2025-Q1,6274,2.43
2025-Q2,6274,4.79
2025-Q3,6274,8.37
2025-Q4,6274,12.13
2025-Q1,6278,2.88
2025-Q2,6278,4.52
2025-Q3,6278,6.9
2025-Q4,6278,9.39
2025-Q1,6282,-0.05
2025-Q2,6282,-0.68
2025-Q3,6282,-0.38
2025-Q4,6282,0.18
2025-Q1,6285,1.92
2025-Q2,6285,2.95
2025-Q3,6285,4.34
2025-Q4,6285,6.4
2025-Q1,6290,2.56
2025-Q2,6290,3.62
2025-Q3,6290,6.19
2025-Q4,6290,8.72
2025-Q1,6291,1.05
2025-Q2,6291,1.38
2025-Q3,6291,3.7
2025-Q4,6291,6.6
2025-Q1,6409,9.73
2025-Q2,6409,26.84
2025-Q3,6409,34.16
2025-Q4,6409,40.23
2025-Q1,6414,6.02
2025-Q2,6414,10.13
2025-Q3,6414,17.04
2025-Q4,6414,23.26
2025-Q1,6415,0.93
2025-Q2,6415,2.56
2025-Q3,6415,4.32
2025-Q4,6415,6.41
2025-Q1,6426,-0.56
2025-Q2,6426,-1.78
2025-Q3,6426,-1.08
2025-Q4,6426,-0.78
2025-Q1,6442,4.26
2025-Q2,6442,6.86
2025-Q3,6442,13.89
2025-Q4,6442,23.48
2025-Q1,6446,3.8
2025-Q2,6446,6.3
2025-Q3,6446,10.29
2025-Q4,6446,14.27
2025-Q1,6449,1.54
2025-Q2,6449,2.53
2025-Q3,6449,4.81
2025-Q4,6449,7.38
2025-Q1,6451,-1.05
2025-Q2,6451,-1.64
2025-Q3,6451,-0.64
2025-Q4,6451,0.26
2025-Q1,6456,-0.21
2025-Q2,6456,-0.09
2025-Q3,6456,-0.38
2025-Q4,6456,-0.8
2025-Q1,6472,13.55
2025-Q2,6472,19.5
2025-Q3,6472,24.59
2025-Q4,6472,27.15
2025-Q1,6488,3.05
2025-Q2,6488,6.57
2025-Q3,6488,10.69
2025-Q4,6488,15.3
2025-Q1,6491,6.27
2025-Q2,6491,10.29
2025-Q3,6491,15.38
2025-Q4,6491,20.87
2025-Q1,6505,0.39
2025-Q2,6505,-0.4
2025-Q3,6505,0.5
2025-Q4,6505,1.04
2025-Q1,6510,6.75
2025-Q2,6510,13.32
2025-Q3,6510,21.73
2025-Q4,6510,30.41
2025-Q1,6515,17.21
2025-Q2,6515,22.97
2025-Q3,6515,33.4
2025-Q4,6515,46.93
2025-Q1,6526,4.36
2025-Q2,6526,9.0
2025-Q3,6526,14.0
2025-Q4,6526,17.32
2025-Q1,6531,2.04
2025-Q2,6531,-1.32
2025-Q3,6531,3.02
2025-Q4,6531,7.73
2025-Q1,6533,-2.26
2025-Q2,6533,-7.84
2025-Q3,6533,-7.67
2025-Q4,6533,-8.19
2025-Q1,6538,1.03
2025-Q2,6538,1.45
2025-Q3,6538,1.47
2025-Q4,6538,1.15
2025-Q1,6548,0.45
2025-Q2,6548,0.56
2025-Q3,6548,1.12
2025-Q4,6548,1.63
2025-Q2,6620,2.42
2025-Q3,6620,3.76
2025-Q4,6620,4.85
2025-Q1,6640,1.64
2025-Q2,6640,5.13
2025-Q3,6640,9.4
2025-Q4,6640,12.75
2025-Q1,6658,0.4
2025-Q2,6658,0.31
2025-Q3,6658,0.37
2025-Q4,6658,1.39
2025-Q1,6667,3.34
2025-Q2,6667,6.76
2025-Q3,6667,9.96
2025-Q4,6667,16.97
2025-Q1,6668,-0.5
2025-Q2,6668,-0.57
2025-Q3,6668,-1.11
2025-Q4,6668,-1.93
2025-Q1,6669,52.7
2025-Q2,6669,117.93
2025-Q3,6669,200.85
2025-Q4,6669,275.06
2025-Q1,6672,1.05
2025-Q2,6672,2.29
2025-Q3,6672,3.46
2025-Q4,6672,4.85
2025-Q1,6683,3.76
2025-Q2,6683,4.97
2025-Q3,6683,10.08
2025-Q4,6683,15.42
2025-Q1,6691,5.7
2025-Q2,6691,11.29
2025-Q3,6691,17.39
2025-Q4,6691,25.51
2025-Q1,6706,-0.21
2025-Q2,6706,-3.41
2025-Q3,6706,-3.69
2025-Q4,6706,-3.92
2025-Q1,6715,0.69
2025-Q2,6715,1.14
2025-Q3,6715,1.17
2025-Q4,6715,1.8
2025-Q1,6719,1.48
2025-Q2,6719,1.89
2025-Q3,6719,4.25
2025-Q4,6719,6.58
2025-Q1,6727,1.25
2025-Q2,6727,2.17
2025-Q3,6727,4.14
2025-Q4,6727,6.8
2025-Q1,6770,-0.26
2025-Q2,6770,-1.06
2025-Q3,6770,-1.71
2025-Q4,6770,-1.86
2025-Q1,6781,9.7
2025-Q2,6781,19.36
2025-Q3,6781,28.71
2025-Q4,6781,38.2
2025-Q1,6788,3.37
2025-Q2,6788,7.85
2025-Q3,6788,12.1
2025-Q4,6788,17.37
2025-Q1,6789,0.85
2025-Q2,6789,1.71
2025-Q3,6789,2.8
2025-Q4,6789,4.01
2025-Q1,6805,5.2
2025-Q2,6805,10.02
2025-Q3,6805,20.04
2025-Q4,6805,31.0
2025-Q1,6811,4.01
2025-Q2,6811,7.71
2025-Q3,6811,11.26
2025-Q4,6811,14.37
2025-Q1,6830,-0.94
2025-Q2,6830,-1.22
2025-Q3,6830,-0.63
2025-Q4,6830,-0.7
2025-Q1,6831,0.22
2025-Q2,6831,0.64
2025-Q3,6831,3.13
2025-Q4,6831,4.93
2025-Q1,6834,0.34
2025-Q2,6834,-0.2
2025-Q3,6834,0.25
2025-Q4,6834,0.51
2025-Q1,6861,1.03
2025-Q2,6861,1.8
2025-Q3,6861,2.52
2025-Q4,6861,3.84
2025-Q1,6919,-0.11
2025-Q2,6919,-0.27
2025-Q3,6919,-0.28
2025-Q4,6919,-0.23
2025-Q1,6933,0.17
2025-Q2,6933,3.41
2025-Q3,6933,3.7
2025-Q4,6933,5.05
2025-Q1,6944,6.07
2025-Q2,6944,13.17
2025-Q3,6944,22.12
2025-Q4,6944,32.15
2025-Q1,6957,1.16
2025-Q2,6957,1.84
2025-Q3,6957,5.43
2025-Q4,6957,10.2
2025-Q1,7610,-0.53
2025-Q2,7610,0.38
2025-Q3,7610,1.63
2025-Q4,7610,5.33
2025-Q2,7711,6.63
2025-Q3,7711,9.3
2025-Q4,7711,13.04
2025-Q1,7717,1.28
2025-Q2,7717,3.12
2025-Q3,7717,4.57
2025-Q4,7717,6.12
2025-Q1,7734,10.79
2025-Q2,7734,16.55
2025-Q3,7734,28.76
2025-Q4,7734,35.67
2025-Q1,7750,7.68
2025-Q2,7750,17.2
2025-Q3,7750,22.86
2025-Q4,7750,35.18
2025-Q1,7751,4.01
2025-Q2,7751,8.08
2025-Q3,7751,14.24
2025-Q4,7751,20.44
2025-Q1,7769,15.89
2025-Q2,7769,31.15
2025-Q3,7769,53.54
2025-Q4,7769,75.71
2025-Q1,7788,1.99
2025-Q2,7788,0.65
2025-Q3,7788,2.18
2025-Q4,7788,3.63
2025-Q1,7792,1.96
2025-Q2,7792,4.04
2025-Q3,7792,6.03
2025-Q4,7792,8.72
2025-Q2,7795,0.68
2025-Q3,7795,1.11
2025-Q4,7795,2.22
2025-Q1,7799,-0.59
2025-Q2,7799,-1.2
2025-Q3,7799,-2.8
2025-Q4,7799,-3.29
2025-Q2,7822,5.25
2025-Q3,7822,8.86
2025-Q4,7822,14.04
2025-Q2,7828,0.03
2025-Q3,7828,1.4
2025-Q4,7828,6.31
2025-Q2,7856,5.02
2025-Q4,7856,15.85
2025-Q1,8021,0.36
2025-Q2,8021,0.91
2025-Q3,8021,1.68
2025-Q4,8021,2.74
2025-Q1,8027,-0.57
2025-Q2,8027,-1.7
2025-Q3,8027,-1.58
2025-Q4,8027,-0.92
2025-Q1,8028,1.34
2025-Q2,8028,1.92
2025-Q3,8028,3.09
2025-Q4,8028,4.38
2025-Q1,8033,0.25
2025-Q2,8033,0.7
2025-Q3,8033,0.73
2025-Q4,8033,0.58
2025-Q1,8039,0.32
2025-Q2,8039,0.45
2025-Q3,8039,1.33
2025-Q4,8039,2.07
2025-Q1,8042,-0.07
2025-Q2,8042,-0.05
2025-Q3,8042,0.25
2025-Q4,8042,0.9
2025-Q1,8043,-0.31
2025-Q2,8043,-0.76
2025-Q3,8043,0.09
2025-Q4,8043,1.68
2025-Q1,8046,0.32
2025-Q2,8046,0.03
2025-Q3,8046,1.15
2025-Q4,8046,3.01
2025-Q1,8064,-0.66
2025-Q2,8064,-0.82
2025-Q3,8064,-0.17
2025-Q4,8064,1.35
2025-Q1,8069,1.91
2025-Q2,8069,4.49
2025-Q3,8069,8.16
2025-Q4,8069,9.13
2025-Q1,8086,0.42
2025-Q2,8086,0.92
2025-Q3,8086,2.03
2025-Q4,8086,3.36
2025-Q1,8103,0.73
2025-Q2,8103,1.16
2025-Q3,8103,2.51
2025-Q4,8103,3.96
2025-Q1,8110,0.21
2025-Q2,8110,-0.44
2025-Q3,8110,1.28
2025-Q4,8110,2.47
2025-Q1,8111,0.21
2025-Q2,8111,-0.33
2025-Q3,8111,0.05
2025-Q4,8111,0.38
2025-Q1,8112,0.27
2025-Q2,8112,0.61
2025-Q3,8112,1.62
2025-Q4,8112,5.02
2025-Q1,8131,0.34
2025-Q2,8131,-0.16
2025-Q3,8131,0.45
2025-Q4,8131,1.35
2025-Q1,8150,0.24
2025-Q2,8150,-0.51
2025-Q3,8150,-0.01
2025-Q4,8150,0.7
2025-Q1,8210,5.53
2025-Q2,8210,12.4
2025-Q3,8210,20.41
2025-Q4,8210,29.02
2025-Q1,8213,0.64
2025-Q2,8213,1.24
2025-Q3,8213,1.78
2025-Q4,8213,2.28
2025-Q1,8227,0.19
2025-Q2,8227,0.13
2025-Q3,8227,1.39
2025-Q4,8227,2.05
2025-Q1,8261,1.45
2025-Q2,8261,2.12
2025-Q3,8261,4.05
2025-Q4,8261,5.73
2025-Q1,8271,0.72
2025-Q2,8271,1.74
2025-Q3,8271,3.45
2025-Q4,8271,6.7
2025-Q1,8299,5.53
2025-Q2,8299,9.13
2025-Q3,8299,19.88
2025-Q4,8299,41.96
2025-Q1,8358,1.05
2025-Q2,8358,1.71
2025-Q3,8358,2.71
2025-Q4,8358,4.21
2025-Q1,8926,0.48
2025-Q2,8926,1.67
2025-Q3,8926,1.86
2025-Q4,8926,2.45
2025-Q1,8996,1.46
2025-Q2,8996,2.8
2025-Q3,8996,5.63
2025-Q4,8996,9.08
2025-Q1,9904,1.22
2025-Q2,9904,1.75
2025-Q3,9904,3.03
2025-Q4,9904,4.1
2025-Q1,9933,-1.52
2025-Q2,9933,-1.2
2025-Q3,9933,-0.35
2025-Q4,9933,1.79
